,np.tanh(std_delta_len),instruction_difficulty,not_gamed_baseline.astype(float)
MDPO_Meta-Llama-3-8B-Instruct_M0,-1.3735042949601004,0.5303443631633961,-2.0324574743703496
MDPO_Meta-Llama-3-8B-Instruct_M1,-1.3994995165786992,0.5221781000817222,-2.0772135940668570
Qwen2-7B-Instruct,-1.8083990090166924,0.6320277815279540,-1.3436210986666854
MDPO_Qwen2-7B-Instruct_M0,-1.6978032151851197,0.5595613590635822,-1.7547932443940009
MDPO_Qwen2-7B-Instruct_M1,-1.5114655570603164,0.4932516338636749,-2.3138656394862487
Aya-23-8B,-1.5732200250799546,0.5846302215231198,-2.4363923751691665
Meta-Llama-3-8B-Instruct,-1.2075881141231695,0.5265029119819142,-0.6877390491838433
